algo,supercomputer,supercomputer_31
OLS regression,4.358999999999998,34.00399999999999
elastic net,24.647,1.8220000000000027
random forest,86.99699999999999,8.661000000000001
